source1_entity_id	candidate_entity_ids
S1-714132312	S2-340420883
S1-106407869	S2-559669701
S1-156285671	S2-566025912
S1-689823050	S3-577972146,S3-323904182
S1-921369899	S3-934627663
S1-481669221	
S1-909865979	
S1-280204013	
S1-742053041	
S1-913506265	S2-158121477,S2-878037834,S3-198586129,S3-934627663,S3-712130770,S3-715117209,S3-305215419
S1-479574617	S3-825495383,S3-811459169,S3-536202929
S1-680637447	S3-276427681,S2-317480348,S2-578788567,S2-292567038,S2-779040268,S2-530685908,S2-956479781,S2-600460285,S2-537184954,S2-787861634,S2-440948455,S2-744323706,S3-462677478,S3-10300249,S3-323904182,S3-219041197,S3-610536355,S3-825495383,S3-464265492,S3-125349995
S1-870190130	
S1-365170694	S3-374810425,S3-219041197,S3-10300249
S1-778640743	S2-89663826,S2-809665812,S2-726058757,S3-668629842,S3-416247723
S1-378191895	
S1-684974736	S2-89663826,S2-378846408,S2-559669701,S2-938316135,S2-268861424,S2-222871632,S3-468731115,S3-521783865
S1-750279127	S3-811459169,S3-610536355
S1-209281220	
S1-550154910	S2-317480348,S2-578788567,S2-292567038,S2-779040268,S2-530685908,S2-956479781,S2-600460285,S2-537184954,S2-787861634,S2-440948455,S2-744323706,S3-462677478,S3-10300249,S3-323904182,S3-219041197,S3-610536355,S3-825495383,S3-464265492,S3-125349995
S1-897975128	S3-604980231,S2-229677112,S3-464265492
S1-704604312	S3-462677478,S3-717745791,S2-292567038,S3-811459169,S3-610536355
S1-628750886	S2-647447093,S2-566025912,S2-742018880,S3-92755938
S1-714038427	S3-185659081,S2-193013091,S3-797337828,S2-559669701
S1-426194890	
S1-122385784	
S1-540642140	S2-193013091,S3-185659081,S3-797337828
S1-123475953	S2-634571997,S3-374810425,S2-292567038,S3-811459169,S3-610536355
S1-444801830	
S1-502376041	S2-787861634,S3-323904182,S3-577972146,S3-276427681
S1-594021398	
S1-261170522	
S1-466641145	S2-158121477,S2-878037834,S3-198586129,S3-934627663,S3-712130770,S3-715117209,S3-305215419
S1-99245709	
S1-339015166	S2-317480348,S2-578788567,S2-292567038,S2-779040268,S2-530685908,S2-956479781,S2-600460285,S2-537184954,S2-787861634,S2-440948455,S2-744323706,S3-462677478,S3-10300249,S3-323904182,S3-219041197,S3-610536355,S3-825495383,S3-464265492,S3-125349995
S1-614259237	S2-884102769
S1-385801270	S2-158121477,S2-878037834,S3-198586129,S3-934627663,S3-712130770,S3-715117209,S3-305215419,S3-643284918
S1-334672926	
S1-717749279	
S1-564662660	S2-809665812,S2-726058757,S3-668629842,S3-416247723
S1-41643447	
S1-581360597	S3-995796854
S1-946184931	
S1-244940399	
S1-616465752	S2-878037834
S1-762904067	S3-717745791,S3-960416326
S1-261476747	
S1-874436225	S2-600460285,S2-317480348,S2-578788567,S2-292567038,S2-779040268,S2-530685908,S2-956479781,S2-537184954,S2-787861634,S2-440948455,S2-744323706,S3-462677478,S3-10300249,S3-323904182,S3-219041197,S3-610536355,S3-825495383,S3-464265492,S3-125349995,S2-223826524
S1-816918307	S3-662721327
S1-52153457	
