source1_entity_id	matched_entity_ids
S1-714132312	
S1-106407869	
S1-156285671	
S1-689823050	
S1-921369899	
S1-481669221	
S1-909865979	
S1-280204013	
S1-742053041	
S1-913506265	
S1-479574617	
S1-680637447	
S1-870190130	
S1-365170694	S3-374810425
S1-778640743	
S1-378191895	
S1-684974736	
S1-750279127	
S1-209281220	
S1-550154910	
S1-897975128	
S1-704604312	
S1-628750886	S3-92755938,S2-566025912
S1-714038427	
S1-426194890	
S1-122385784	
S1-540642140	
S1-123475953	
S1-444801830	
S1-502376041	
S1-594021398	
S1-261170522	
S1-466641145	
S1-99245709	
S1-339015166	
S1-614259237	
S1-385801270	
S1-334672926	
S1-717749279	
S1-564662660	
S1-41643447	
S1-581360597	
S1-946184931	
S1-244940399	
S1-616465752	
S1-762904067	
S1-261476747	
S1-874436225	
S1-816918307	
S1-52153457	
